year,value
2013,209.95
2014,175.37
2015,195.9875
2016,189.63833333333332
2017,166.59833333333333
2018,203.865
2019,211.3525
2020,211.08333333333334
2021,308.255
