year,value
2012,283.718
2013,272.105
2014,210.13
2015,223.35416666666666
2016,230.8325
2017,243.79416666666665
2018,254.91416666666666
2019,248.21083333333334
2020,242.30583333333334
2021,315.5775
